index,B_M,L1_PIDe,L1_P,L1_PT,L1_ETA,L1_ProbNNk,L2_PIDe,L2_P,L2_PT,L2_ETA,L2_ProbNNk,H_PIDe,H_ProbNNk,Polarity
28,5151.492234214469,0.6845058431440926,32214.76,3756.0601010601085,2.8387853306433994,0.9974831342697144,1.9322137785582276,40188.12,7112.841482431232,2.416891926615975,0.9942589998245239,-4.352326545003711,0.9965358376502991,1
31,5183.775663016408,1.1886344619693716,56945.1,7735.908412043242,2.684715940548177,0.9633110761642456,0.44614028076086565,64818.44,5006.715826602044,3.2524621989371387,0.9659624695777893,-2.7988341461546202,0.9575448036193848,1
36,5125.637290181102,2.935922921629339,42473.26,6424.868922485736,2.576075387733796,0.9518526196479797,1.9959889573000513,23702.82,6748.249493542665,1.9285489698903884,0.9988913536071777,-1.0794955474234214,0.3613978624343872,-1
40,5141.417905013897,-0.8711071359452229,31168.559999999998,1014.1544347774271,4.118237097652199,0.993398904800415,-0.7197753670604154,130275.52000000002,6916.222049892037,3.628223737443789,0.5685038566589355,-7.084997958436711,0.7366923093795776,-1
41,4971.173760248246,-0.6890792251290663,33460.94,4415.947852891946,2.7139205189493785,0.9919385313987732,-1.2546648403959102,21338.13,1936.3841308446067,3.0907552409211156,0.9986245632171631,-6.89763091066917,0.9615317583084106,-1
54,5182.452644976941,-1.588028514853269,19664.42,737.5069171285849,3.9760860685744026,0.9988303184509277,1.1560521891845266,28656.919999999995,5697.381317328911,2.298504007221901,0.9986315369606018,-7.504757676830544,0.999367892742157,1
75,5173.913973182695,0.9627773221564391,132306.28000000003,4948.0330131467745,3.9789267497261642,0.3208704888820648,-1.7704535318674532,81531.07,4895.425711290472,3.5049275824006805,0.41079893708229065,-6.523587754945979,0.991436243057251,1
82,5212.666936149014,-0.935931741793488,13406.77,2556.1555234422394,2.3411881965851116,0.9991854429244995,-0.5377915635510453,65775.99106543492,4763.949346820512,3.3170110557045733,0.9979279041290283,-0.008986370532607868,0.9963456392288208,1
83,5165.390297876218,2.608455906842487,51159.680000000015,3366.800013620068,3.413051670165048,0.9931771159172058,0.2760955623415202,75372.31,8144.784489697741,2.915277218747024,0.975684642791748,-6.3009003050242995,0.9995001554489136,1
84,5055.007753507363,4.187297831254961,18708.209999999995,2514.9477438476733,2.6953088249326114,0.9995954632759094,-0.28924688149578204,109799.27999999998,4937.419989267686,3.794452319797468,0.536648154258728,-5.325551059281505,0.9629446268081665,1
88,5157.629370925351,-0.7318173434968309,51293.44000000001,9957.481762353827,2.3228284432429565,0.9794673919677734,-1.733089721649836,29603.81,7613.4750208687865,2.034169419608058,0.9884138107299805,-8.774354252614351,0.9812037348747253,-1
97,5188.942235760038,-0.097707887590184,34056.770000000004,7714.2601884011865,2.165024456828945,0.9838716983795166,3.1729986902486873,65695.87999999999,9583.077376082894,2.612822134374251,0.595292329788208,-6.341815674313707,0.9376940727233887,-1
109,5130.820796536975,3.540224268214236,15331.410000000002,3416.8313212447997,2.181682183757099,0.9984857439994812,2.4531480334324716,8195.43,1896.5364224104837,2.1430293238568003,0.9656346440315247,-5.8539032519471235,0.9857401251792908,1
128,5112.848622937771,1.2551996473062443,196451.32,21307.443381004436,2.9115513352067035,0.356097936630249,-1.5173911154114457,296280.9,36486.22848412908,2.7837072173401665,0.42582568526268005,-2.7287441845705063,0.9961835741996765,-1
149,5167.681371038076,3.782384776918181,5346.77,1400.1638831886032,2.0154479571849184,0.8737615346908569,5.33050789236022,57037.20741655763,7990.444029317963,2.65366173053002,0.8993743062019348,-7.40214408274014,0.46822473406791687,-1
156,5096.69655771819,5.814665969046207,12876.240000000003,2857.6866932010907,2.185970836338691,0.9989535212516785,-1.1057521098529124,49629.87999999999,7117.506110550441,2.630001008307975,0.1136947050690651,-2.144056915146564,0.5595269799232483,-1
170,5138.942863129001,2.2683365942650626,7962.960000000001,1916.2040412117574,2.1028000571495005,0.9567158818244934,1.5125270066109433,31609.38,6507.98817396319,2.262800725666741,0.9880855083465576,-5.922001673547886,0.9091538190841675,-1
177,5134.006863041301,3.4292624950489126,29153.189999999995,6389.3869187473,2.1988425075213804,0.9927522540092468,-0.5048155697338336,12002.4,1667.847899043761,2.661856924188952,0.9340713620185852,-3.7228626797456466,0.996376633644104,-1
180,5135.956036604577,-1.752931366189185,63566.55000000001,4453.234773125401,3.3503745874792425,0.9777597784996033,0.29055540895605536,84998.68999999999,2831.8455117972367,4.094576791488147,0.34826725721359253,-5.257526114200404,0.9987763166427612,-1
183,5168.995265677349,-0.9212968134834281,271969.7094263185,8770.94901563721,4.1271327534343625,0.408820778131485,-1.842940466991064,50481.05,1747.388545261415,4.056323105557789,0.9287181496620178,-4.684432585726189,0.9696015119552612,1
191,5205.005906723296,-0.09368230364646779,20877.839999999997,3603.321326655946,2.4424480020609405,0.9992971420288086,6.578993853203929,15586.330000000002,3289.123159388461,2.2375967533531926,0.9978804588317871,-2.359172612413918,0.9194660186767578,1
195,5134.46900369553,-0.30881517337277575,32696.559999999994,3970.1681462888787,2.7979020717966296,0.9990172982215881,-1.9333368228089611,26340.689999999995,3432.653557636542,2.726655517503227,0.997816264629364,-8.418235856669073,0.9990571737289429,1
206,5145.88658603327,-1.4741987937757643,93398.09,6013.986426987035,3.434892086101606,0.9029593467712402,-1.191358651538895,213674.01,8342.247278169809,3.935884792290058,0.3524138033390045,-6.736003634740943,0.9966400861740112,-1
212,5155.367023320887,-1.3374489955814606,44500.11000000001,9285.789988643959,2.249085714784519,0.9603143930435181,0.3388850226437956,20038.56,1267.9138013985569,3.452430327923126,0.9982699751853943,-6.336449060676657,0.6841845512390137,-1
229,5171.813791197762,1.9539296905923718,54638.06,3246.7437714273365,3.515341375452409,0.9856473803520203,1.6590175264944915,122389.30000000002,13258.071008688396,2.912800947121515,0.5313653945922852,-6.589255735758275,0.9810083508491516,-1
236,5407.487428895515,0.20802599165837798,123092.05999999998,6852.726714415168,3.580657345016131,0.4980279207229614,4.151316765676398,53591.57558199418,1419.5445973996489,4.32402749777732,0.29827791452407837,-7.340208317283301,0.4655545949935913,-1
250,5127.679985867981,1.599878583462873,14654.63,3339.5941939247223,2.1588107340664053,0.9985269904136658,0.4687034270685766,14003.990000000002,1875.1528213464394,2.6992864759945343,0.9888178706169128,-10.928976513555778,0.638927161693573,-1
318,5151.248052443479,-0.5453793860051257,16977.360000000004,1240.2727757875548,3.3083596176964924,0.865556538105011,-1.588923433173831,49178.350000000006,7718.390042921263,2.5387791106277087,0.9982153177261353,-3.862372741320071,0.9871783256530762,-1
335,5172.993590147972,-1.807156832376874,33104.29,2531.8131293757097,3.262408851712459,0.9885293841362,-0.8432332947877998,51477.05999999999,5501.525117423012,2.9263903179258017,0.9982258081436157,-7.368795550266235,0.8180940747261047,-1
349,5152.6988492404635,4.672003664019309,40771.30000000001,4838.7535315910645,2.820928426147455,0.8950883150100708,-1.5553147109735486,18640.65,1264.6728924704369,3.382525631013848,0.9852936267852783,-6.442626102789497,0.6182080507278442,1
352,5149.797823912521,0.7895780955510907,9939.759999999998,1487.366734240778,2.587037304315798,0.9748221635818481,2.2139426181546025,25737.52,5950.92539153962,2.143908898019672,0.9981709718704224,-7.310381994848187,0.928726315498352,1
363,5130.948124892646,-1.9172495553218512,70781.93,2904.2972099577305,3.8861383215137155,0.8081334233283997,0.7762760698105207,143920.39,9883.243219106183,3.3703857236411845,0.11378627270460129,-2.9422245049483347,0.9966074824333191,1
392,5058.531086299707,0.2068710702852703,23000.859999999997,1657.5725689894307,3.3220236613450433,0.9982336163520813,0.5489627493484535,118447.91,4855.983121123418,3.8869884394538183,0.3192773163318634,-4.266430113157532,0.6467925310134888,-1
401,5182.243638725338,0.9574908167484417,44537.58000000001,6125.936447552376,2.6721852817383773,0.9791849851608276,6.663819999113965,65274.94,4029.4135680114987,3.4771805188073976,0.9393397569656372,-4.655319343520214,0.9503334760665894,-1
421,5021.523785158851,2.441073876188663,9988.33,2717.238605766477,1.975911165052495,0.9830788969993591,-0.8205866375151762,66468.88,7753.563185997999,2.8383092767445097,0.9987532496452332,-5.424797770529612,0.9996184706687927,-1
19,5160.909218028247,0.12643577794490324,32232.97,4812.506267608865,2.5892989395253,0.9979578852653503,1.0210162361192636,28143.35,6449.923344042019,2.1529925830931105,0.9987379908561707,-3.0810758484640735,0.9982333183288574,1
33,5120.029718020181,1.0627386193524315,91022.93,16577.427312248325,2.3878193235392904,0.6058123111724854,-0.7104311987599761,22816.91,6153.705463542728,1.9848931966919883,0.9983609914779663,-7.487980062239872,0.9981002807617188,1
40,5098.253939175191,2.4972468965292247,18778.34,2949.823469940376,2.537879008441874,0.9984718561172485,-1.2242149033335483,64669.08000000001,7873.794067092764,2.7951634776754184,0.996383547782898,-5.314797165605059,0.9881018400192261,1
94,5119.78986646598,-0.4596902796130202,59249.68,10246.35326061967,2.4404237825761284,0.021779676899313927,1.9064133578195843,32295.21,5519.16529366753,2.4524567037243554,0.9979161024093628,-8.783554002496626,0.962844729423523,-1
111,5137.805296313672,-1.4243364975577892,34289.47,935.1113700899275,4.294889154883647,0.8945497274398804,-0.11878284781243553,119183.64,10682.456764650544,3.1031953641894465,0.25920891761779785,-7.30826205801837,0.9922274351119995,-1
178,5214.326257235308,-0.16244925729289594,36571.88,2338.296756254817,3.4419804816181507,0.9969359040260315,7.1642562445571265,22905.314263209006,4678.4806105379985,2.270945837607856,0.9988921284675598,-4.11325683852044,0.9901968240737915,-1
212,5163.176285478821,0.11344820419359358,61021.9,7761.991827314222,2.751071284643272,0.9887691140174866,-0.44355827256022495,30802.41,2537.7364202253584,3.18776633908687,0.9954056739807129,-6.895738254214979,0.9422517418861389,-1
220,5110.853057730397,-1.4027434390526694,8668.49,1332.8722645202508,2.559541898869921,0.9361539483070374,2.862617430036253,31341.839999999993,5512.40196732982,2.42327594568639,0.9922787547111511,-4.146077097303497,0.9643612504005432,-1
265,5144.971701539552,3.4646881151902997,110047.75999999998,26298.628230184648,2.109951791484716,0.6624314785003662,-1.4131186416569803,46072.44,8533.593615997937,2.370662339643114,0.9764988422393799,-7.234656797164725,0.9984691739082336,1
273,5158.978864385637,-1.7100428243492072,33100.170000000006,4702.529797646828,2.6395004069109245,0.9952327013015747,-1.47914183846969,65080.77,10033.408079517774,2.5568603047713387,0.587702751159668,-5.312137623271347,0.9987816214561462,-1
281,5043.548445439949,-1.020892193461747,41664.84,9853.61521374508,2.1206809138750353,0.9680392742156982,-0.5582377417735884,8023.84,896.5186251429155,2.8816647859034465,0.9168291687965393,-3.017773650681936,0.9491477608680725,-1
288,5148.266921373568,-1.6469837711984008,17677.299999999996,1561.4000687548755,3.117889423465573,0.9986172914505005,2.350618655407411,24930.19,3402.643215535874,2.6799841134611992,0.9972202777862549,-6.314473966497416,0.937274158000946,-1
307,5146.006658658878,2.718844530697097,34237.08,5629.300476337725,2.4916431177948,0.9943972229957581,-1.6214125097715932,15053.38,1998.5557792373334,2.7078888971600943,0.9983702898025513,-4.340005037968975,0.998357355594635,-1
318,5162.828650560546,-0.0831623675565012,34023.770000000004,5884.393095661104,2.4403397905826716,0.9559118151664734,2.401192079231582,11809.409999999998,2192.2495069240163,2.3683869862602953,0.9982641935348511,-4.078764824858512,0.9639276266098022,1
339,5149.899277318393,5.600244844786754,19477.67,5380.006145262662,1.9600827387741595,0.9989645481109619,2.791047456069719,33830.37,6470.639865957793,2.337957233728587,0.9615744352340698,-0.2693545422814838,0.9986613988876343,-1
340,5176.966489640309,0.704808849594355,53937.94999999999,5807.855747787957,2.918858804429315,0.9931957125663757,0.7034142756011663,60582.76000000001,2478.0043938357276,3.889285465991797,0.8655509352684021,-7.849156299197297,0.992625892162323,-1
352,5175.630509358645,1.602026162187359,24452.709999999995,3937.7561758774295,2.512730082031126,0.9989500045776367,3.859697241997364,19995.54,4983.401926465686,2.06664058583846,0.9986104369163513,-2.857686752747222,0.9544910788536072,-1
356,5176.443969509177,-0.6251190353829315,19174.740000000005,3767.1238026182864,2.310637024052417,0.9240779280662537,0.017163799612267994,29043.63,6488.593095679449,2.1791825586074625,0.9779117703437805,-3.683612022098402,0.842419445514679,-1
360,5151.3884117124235,6.043375170400738,50232.9,6933.422291222174,2.6686666908761154,0.9993621110916138,6.337285346076938,34977.5,2409.574304459465,3.3672135336749918,0.76167893409729,-9.21154748548149,0.9980027675628662,-1
374,5144.809815964318,2.083387810934803,14696.979999999998,2798.832213703507,2.3423946461408915,0.9975089430809021,-0.4866489635646336,23413.66,6913.764956540792,1.8904043349498976,0.9989705681800842,-0.9364926561771405,0.9970890879631042,1
401,5042.711264957389,0.8437665751019128,13684.39,2870.6687546130943,2.243670220498693,0.9981142282485962,0.17387605332232614,34245.57,4906.618109063767,2.63094739371525,0.998059093952179,-6.30514013615749,0.9170369505882263,-1
408,5163.532604700812,-1.8727580385476248,46788.97,6770.511788714954,2.620941651472817,0.9984243512153625,1.5152517102811989,16678.18,1679.4101256392173,2.986261276585955,0.9989016652107239,-7.165893344445944,0.9525914192199707,-1
418,5190.557114343401,-0.04821517336495518,76771.07,13971.735808478605,2.38855356948109,0.4703332185745239,0.12229202095520852,40770.08999999999,4180.878853630703,2.9679349923185656,0.9974204301834106,-7.46893491373063,0.9985172748565674,1
420,5171.890830565228,1.8796205661473744,49704.649999999994,4593.10034920271,3.0725487454103066,0.9787893891334534,1.5127910191198621,45085.7,7910.455362023311,2.425740557027473,0.10004528611898422,-9.369232802881578,0.9461455941200256,1
23,5246.570152421915,0.7382940752758342,26871.64746205011,5084.16783862952,2.3490156212495052,0.9985561370849609,-0.18645588484261078,10369.439999999999,1145.5978247617736,2.8930181570743483,0.8816615343093872,-7.247184759084369,0.997266948223114,1
25,5036.283530475458,-0.40749283432945793,38550.6,7453.2314474710465,2.3269926463123967,0.9981292486190796,-1.9674628471946307,6542.629999999999,1422.0671612145861,2.2073492424095034,0.8497196435928345,-7.992428676253141,0.9986231923103333,1
31,5058.87483732768,-1.2883610172039075,108374.46000000002,12996.765740065146,2.8104240695420275,0.8769514560699463,5.439759460274148,18008.990000000005,2978.5850914103858,2.4856598097995053,0.9989966750144958,-6.455771713327721,0.9628717303276062,1
51,5163.490904959704,1.6680759362544002,21298.200000000004,3297.493249899953,2.55255989357637,0.9976004362106323,-0.7886035257291559,36994.38999999999,5282.085251879429,2.634456513507763,0.8888583779335022,-5.572218871193166,0.9974456429481506,-1
60,5082.021448307422,1.353996597815168,9532.76,2278.071248933411,2.1099594863139832,0.8681202530860901,0.4740002888122379,77590.82,8302.726644174954,2.9251373581635143,0.9486412405967712,-5.106405901318039,0.9991670846939087,-1
107,5191.4760778163545,4.696913926264052,15657.250000000002,2729.033413852986,2.4324507657751036,0.8978416919708252,-1.860383359647641,27287.559999999998,7253.881502413611,1.9998874177766817,0.9983925223350525,-0.5717245787254468,0.9952430725097656,1
146,5170.60380597635,1.135873040306414,19893.68,3217.277741962638,2.508409983491941,0.9992814064025879,1.1668879678671347,37254.13,4269.9572494940785,2.8560056125084565,0.9979242086410522,-8.188099718520302,0.9328508973121643,1
148,5118.516968922567,3.3468304870818626,30711.27,6264.521487689,2.272306417868275,0.9882891178131104,-0.46522716544881604,35180.390205624586,2350.4909072643713,3.397893957118957,0.00010792215471155941,-6.174214270869287,0.9442390203475952,-1
172,5107.860184021816,-0.3140856312587288,171637.83999999997,11044.528744009904,3.435561914054808,0.5042503476142883,-1.0762627067708763,209531.41,11655.665968096611,3.581453927838286,0.36556923389434814,-6.67976099523561,0.9982498288154602,1
179,4915.153223586358,-0.5731234592517084,57304.100000000006,5345.937153483953,3.062999570816774,0.2676728367805481,1.7559166301454605,7173.7300000000005,2033.1626228466566,1.9332655919418458,0.9647782444953918,-7.6756401373614676,0.9965128302574158,1
185,5103.174672141774,-1.6098772502343217,32239.7,5851.658638341025,2.391280999715806,0.9985166192054749,-1.2537963253089366,9154.669999999998,835.2595669648638,3.0853364071531866,0.9492250084877014,-5.759888269216708,0.9929888844490051,1
188,5154.211768161693,4.794123361238226,10511.679999999998,1423.409138664964,2.687963445854189,0.9677014350891113,-1.750301922855983,24546.27,5791.678177224851,2.1230670695151086,0.9954032897949219,-5.406426258176323,0.7942951321601868,-1
255,5136.145721585368,1.7808298937709979,22250.64,5115.095362739829,2.1498403030418785,0.9985347390174866,-1.6292716120706752,6782.44,936.8868913092119,2.6678720539292398,0.905380129814148,-1.128279482407147,0.9702428579330444,-1
286,5177.683973811044,-1.6563232411062119,42999.619999999995,2789.826801749129,3.427304915987056,0.9977331161499023,-1.7395276383258613,25022.519999999997,2548.0637520411065,2.974987123995287,0.9990063309669495,-8.288887048522833,0.7440018653869629,1
298,5151.74600076069,-0.7734003827824119,168091.75,13354.746792591797,3.224203464836107,0.4973205327987671,-0.91121686998027,88410.26,5332.8937699493235,3.500330330019265,0.9472821354866028,-4.831338918752096,0.7301916480064392,1
305,5145.499516955387,-0.28312889267800934,20587.479999999996,4309.462617490402,2.2458784085744425,0.9987643361091614,0.7704216925943492,9126.01,2779.662174969996,1.8579018846704987,0.931911051273346,-7.503541567584513,0.9613622426986694,-1
325,5104.467433680858,-1.8794332609778714,11565.219999999998,3106.9773657599,1.9889472864885183,0.9991435408592224,0.21091723452150246,36194.36,5566.724941790771,2.5592767504292135,0.9013150334358215,-0.7170011777244336,0.9981642365455627,-1
355,5106.511628530263,1.2770371336446171,46647.43,7765.985900936123,2.479009336062054,0.7473659515380859,-1.8025399952833716,14097.51,2585.2112403965107,2.380822979009135,0.9984583258628845,-7.169639774581523,0.9993629455566406,-1
363,5155.191952238122,2.478421362048417,34340.58,5909.234107716482,2.445472468687091,0.9890103340148926,-1.7153294088357534,12587.539999999999,2779.8693995371336,2.1910285238041647,0.9993428587913513,-5.699357177992351,0.9468180537223816,-1
372,5017.951474670863,-1.8935600199576843,18030.479999999996,1026.3872117756423,3.5583546612822454,0.9988079071044922,2.662896749880172,161473.18,10272.168453650364,3.4470348290331545,0.36440473794937134,-6.717879160741536,0.9718746542930603,-1
375,5121.188472160043,0.9374101202820335,54730.049999999996,5021.01939174445,3.0798163200533333,0.9981721043586731,1.9863943860658946,19538.26,1885.97312182063,3.0287402869738447,0.9985595345497131,-8.38455374756311,0.9993658661842346,-1
388,5104.071388535236,2.4423702292730907,37067.770000000004,5441.196844662034,2.6064650751631464,0.47912123799324036,0.4018049263662644,8098.800000000001,1236.0797555638985,2.567043057446018,0.9662076830863953,-11.261534745721223,0.6908299326896667,-1
389,5104.342821153792,-0.28088185893304285,102743.91,8771.984091982335,3.1519964283190167,0.9261988997459412,1.1215995219307522,19130.019999999997,1146.2360053545544,3.5070237161322755,0.9806752800941467,-7.8053212936099605,0.9646584987640381,-1
407,5193.231997836882,5.780402320660538,28248.3,6426.012918900552,2.160630512771883,0.998131275177002,2.2654595431619904,33983.28,3924.829963334988,2.8483413294899314,0.9979214668273926,-9.43483004799488,0.6498629450798035,-1
415,5157.545566616791,-0.19366616561964745,181843.13,7027.125720157858,3.9461402630430737,0.23977042734622955,0.7814753922475481,346915.43,10054.65894399006,4.233982039487391,0.14223749935626984,-4.033648705823593,0.6227893233299255,-1
423,5126.681314566336,-0.5607682471365456,34174.59,2811.40379011329,3.189249407838874,0.9967019557952881,-1.6287190075487012,12322.53,3343.9408217606774,1.9784860614577395,0.999451756477356,-8.63512642249653,0.9992261528968811,-1
434,5171.594472586194,4.165688674775165,23395.1,3184.7611369451383,2.682631155485503,0.9989666938781738,-1.4326624418891254,25066.200000000004,4966.28544139934,2.3020340933900068,0.9986763596534729,-8.68911259387244,0.8565999269485474,1
17,5129.801683454168,-1.9101196099913107,29741.860000000004,2788.9594426594504,3.0578285045242746,0.9971414804458618,0.2795547758557252,63049.01,5732.122410424011,3.0889008411513,0.9933784604072571,-7.465834086196397,0.990637481212616,-1
42,5132.283359348095,-1.1737316742410169,32000.28,8196.562432682715,2.0383561046651026,0.9950236678123474,-1.0926210640691103,12517.109999999999,3184.20746735507,2.0454545473594776,0.9988805651664734,-1.2035173521566611,0.9916019439697266,-1
51,5153.105413845448,0.40225290161537564,39233.39000000001,4775.171951683583,2.795521173122877,0.9952802062034607,-0.18923018424956428,31707.459999999995,2093.9424307101153,3.409558456528177,0.994491696357727,-8.409815660982247,0.9982751607894897,-1
92,5132.299525848678,-0.41698181772352605,12815.670000000002,3060.7053718664856,2.110596009072188,0.9989551901817322,-0.8330617785530383,47555.34,7546.553058992569,2.5275944348935786,0.9884659051895142,-4.245565588033349,0.7384028434753418,-1
112,5134.631426687978,-1.5278348442901508,14304.769999999999,571.559908842126,3.9127268449387698,0.6223815679550171,1.1495661111019286,29838.530000000002,5917.230236238299,2.301099424691143,0.39184314012527466,-8.591608971355392,0.8691068291664124,1
117,5232.280398782542,-1.922972489758398,50470.83000000001,8364.668277038843,2.483587385140042,0.985419511795044,0.47087993855989674,39777.39068291034,3072.1930920254003,3.252559544273488,0.9949401021003723,-7.042327707684011,0.7743826508522034,1
139,5143.553332221072,-0.2274056750161524,23332.97,3938.7373018098,2.4649531831769176,0.9983713030815125,3.5253804005635097,18340.23,5892.815574439228,1.801640300480168,0.9936963319778442,-4.36745710556791,0.8905584812164307,-1
151,5167.835058933848,-1.0643667552184906,18840.2,2165.5433868493883,2.8531493071052463,0.9981910586357117,6.107476144295103,37880.43,6022.094759806102,2.5257675224024245,0.9958993196487427,-8.650922561283982,0.7163315415382385,-1
173,5133.211805582761,-1.8401883733959357,30541.330000000005,5627.737535697611,2.3759218420967447,0.9901690483093262,3.1914670279757056,10668.919999999998,1093.4511412183385,2.9685067196477357,0.9928210377693176,-8.195011611168859,0.9158855080604553,1
179,5175.9426693466785,0.12343590754618139,23209.419999999995,3065.9204241357734,2.7129662813144653,0.9984239339828491,-0.9014792903486626,28358.970000000005,1924.9237281386074,3.3820503983578987,0.9989193677902222,-5.875057512915669,0.6639222502708435,1
184,5171.531450079529,1.3597064345159644,36329.380000000005,7062.06267200441,2.3214531891449792,0.9872003793716431,-0.6006996332901738,69350.57,16656.171411816475,2.104797579894783,0.7834612727165222,-5.573999900577121,0.8395193815231323,1
187,5141.357561093005,0.32622028146048154,32022.8,7220.374364875664,2.169729273253717,0.9987853169441223,1.2483331910322908,19180.2,1373.8371796991494,3.3281328783436037,0.9971456527709961,-0.20215276634873178,0.964765191078186,1
190,5067.900361267136,1.4915136544082317,11238.820000000002,2233.9048929460923,2.2987432122962503,0.999337911605835,3.805603834043314,22126.52,5178.193184456575,2.131485686317558,0.9982854723930359,-1.045286633802573,0.9163077473640442,1
202,5038.082552111221,-0.42774881475822024,142235.48,10472.514358127484,3.3005189954987815,0.40175193548202515,-0.9258429404617767,19723.31,1661.8949103746932,3.1652102017881982,0.9742611646652222,-8.297142882488096,0.9980261921882629,-1
206,5162.898717669638,0.008016853757637603,133888.96,5233.566291136131,3.934682839621163,0.14245900511741638,-1.268243759692072,68925.87,5208.952794716892,3.274369026091352,0.9083387851715088,-6.505269907547325,0.9728927612304688,-1
209,5382.147901647157,-0.11020520477597806,33081.16498084173,2443.483416687808,3.2973198710521463,0.9993342161178589,3.6722259774221078,15817.37,3491.524257297846,2.1915071607310828,0.9971458911895752,-6.8635180144848045,0.9534629583358765,-1
210,5190.606687327767,-0.28844138495698884,377153.92999999993,11659.757974451051,4.169418141463568,0.23651833832263947,1.216091049552737,220513.89,5169.7102981336175,4.44615378219619,0.37978240847587585,-4.869077748459066,0.43977710604667664,-1
224,5145.757097107505,-1.9335161023813847,239765.68000000002,11294.289069860894,3.747956892861822,0.5014098286628723,-1.3276794216926868,79742.49000000002,3969.812998304026,3.6926105975341077,0.7921288013458252,-7.589515724415296,0.9991726279258728,1
238,5076.13139423025,1.240071762262267,76237.51,13421.188868799458,2.4223265244313863,0.7131001353263855,1.2516485960913883,14285.550000000001,1899.002820722353,2.7066195242495903,0.9975308775901794,-8.04177308910722,0.9427628517150879,1
264,5111.646251233353,1.8969397308859315,46373.99,5394.7772495467125,2.8410540312392336,0.9839984774589539,-0.6067997602184665,13393.610000000002,3107.1624900171987,2.1404803647483877,0.9986308813095093,-9.00740512458315,0.9336217045783997,1
282,4844.276693572196,-1.6460363922343442,15626.180000000002,1438.275407386182,3.076525407233033,0.9994867444038391,5.61685534448847,22346.570000000003,3902.620820676363,2.43045812999227,0.998662531375885,-6.959411676040572,0.6445230841636658,-1
286,4952.466427993406,0.6987590601333442,63515.1,4269.19631589215,3.3918678626239753,0.9977421760559082,1.0951635293911879,54075.80000000001,6220.635021157592,2.8523371228689545,0.996955394744873,-7.392740961630666,0.9609735608100891,-1
288,5266.606524450295,0.5902011325261047,71860.77,19154.688591277456,1.9970746956990233,0.6372594833374023,2.7164231171010296,31705.596423124418,6276.861525213773,2.302824703533675,0.9966739416122437,-3.2510947471729583,0.9679886102676392,-1
289,5126.037345101681,-1.77317555349362,9000.3,1099.4542199718576,2.7918395324605614,0.9619158506393433,3.689351836816005,33654.41000000001,5245.579125274956,2.545775987063623,0.9988633990287781,-5.327174981582977,0.6224030256271362,-1
309,5019.330057302105,-0.0012480276040283123,96541.94,7647.849360338126,3.2271276532314914,0.06906282156705856,-0.27748466295260965,120027.66999999997,8084.000966459121,3.3898465828692776,0.3148225247859955,-9.255234341011086,0.9965704679489136,1
316,5167.079396956097,0.7209948042701346,38105.44,8024.6056619623705,2.2397156596968872,0.9914970397949219,0.8259673696339673,15736.900000000003,988.0874219800179,3.4601525136848217,0.9978233575820923,-3.700865093681638,0.9384448528289795,1
339,5163.379568314746,-0.9080322305792161,91125.82,11680.504649699013,2.743334119500604,0.7286641597747803,3.3098765393248666,82930.68999999999,9257.057250430922,2.8826365357699975,0.9364500641822815,-8.95438127353423,0.9985013604164124,1
341,5057.853129184885,1.1068856781873484,20418.679999999997,1587.065348033352,3.2461969591757804,0.9982357621192932,-1.7483444395623726,116336.99000000003,6693.765543099619,3.547632992226506,0.22050067782402039,-4.528879825545104,0.917561411857605,1
380,5110.212740703563,-0.5544562723319391,102105.65999999999,6682.143598733086,3.4186440719139766,0.6578173637390137,-1.921905192640697,186472.05999999997,7981.7193749691405,3.84381639020535,0.34782809019088745,-3.5194827564754565,0.3244530260562897,1
387,5180.173597437538,-0.8065598087631987,33652.46,3150.3931668863,3.0595078765107053,0.9879552721977234,2.35188970643686,36991.79,5354.889253316145,2.62055271909251,0.9958903193473816,-3.4740064197645157,0.94466632604599,-1
403,5110.3654895670925,0.5901900037457474,110692.53999999998,6493.272516980656,3.528275611276309,0.8195006251335144,2.0482437669850246,33828.32,2823.507933054276,3.174719239528004,0.9861005544662476,-1.6335795597615228,0.9932973384857178,-1
419,4707.219508981331,-0.1421658783451032,3393.9299999999994,1067.6744956863865,1.823939943758373,0.8695924878120422,-0.6296849180648576,58621.30999999999,7343.366174099183,2.7665018209256145,0.49538081884384155,-6.684883195005124,0.9260406494140625,1
422,5158.304562483417,0.8376875678646831,40557.85,5348.588562492224,2.7146674026773168,0.9987270832061768,-0.4874556427311232,55258.37,4883.703627731084,3.117304654665865,0.9723786115646362,-5.822630022228017,0.9875455498695374,1
428,5156.522994577954,0.48595255790705116,32093.86,4917.399176094264,2.563110754822053,0.9983802437782288,2.7361936637050066,7928.040000000001,1587.6430893439012,2.291122532563423,0.9351649880409241,-6.150122798301906,0.9163656830787659,1
429,5121.7169811072445,-1.1119510621376318,52251.88,8317.714349342397,2.5244395284205714,0.84716796875,2.73841690873216,18342.33,5294.984837363953,1.9140822126432053,0.9985589385032654,-7.352467108105788,0.9992120862007141,1
0,5619.053330843181,0.2003252023648766,33088.052096314685,5683.388389314569,2.4473130093537967,0.991137683391571,-0.38088219066358864,65159.87,5603.86545683268,3.144680122656571,0.967076301574707,-2.5994146544438452,0.9985141158103943,1
7,4900.711470492231,6.034315036386584,6242.73,1840.553826593536,1.8920221630776488,0.9438709020614624,3.5625782982828644,73119.03,7806.115709500396,2.9274667219956614,0.8922615647315979,-5.605877737065736,0.8421832919120789,1
24,5136.747135496666,-0.8120211013025393,107940.97,7319.98569185984,3.3829716142912933,0.5155802965164185,3.9126855819350674,60989.08999999999,5941.7333851740705,3.01945997481573,0.953404426574707,-1.2862238326645654,0.9327225685119629,-1
34,5146.451783623788,7.993689711985956,39430.25,7213.373885656557,2.3832699110376296,0.9906055927276611,1.1849664901075876,29701.749999999996,3122.6106308484864,2.94290903545587,0.9992812871932983,-7.533123923462598,0.9996947646141052,1
41,5152.148530280656,-0.38105618384114015,64507.98,2497.4991965592358,3.944271262344347,0.8999841809272766,-1.1598056871739597,186142.42,13192.883728669838,3.338723491214083,0.5926466584205627,-6.471711168946699,0.9705374836921692,1
57,5108.491483965762,3.5505420813369915,15921.64,2264.812065787513,2.6382371857769216,0.9978185296058655,-0.1487672676747307,94726.57,9585.189080567709,2.9813529726388395,0.7979110479354858,-7.363908650545464,0.7583537101745605,-1
76,5105.322145010092,0.13432516621200885,135826.25,17112.6556800796,2.7607132293935024,0.09761154651641846,0.12133122464682966,50933.87,4027.2581067937226,3.2290229025269905,0.9962756037712097,-6.973395003508103,0.5642650127410889,-1
120,4952.1502387192295,1.197200006621637,199054.04000000004,16226.60299961881,3.1984059952587027,0.5757871866226196,0.13766482555148363,30664.41,1918.5779108814727,3.463685544206695,0.968197762966156,-4.611922215894134,0.24868075549602509,1
144,5032.934481097504,2.8383032480278874,63771.22,11982.515746640292,2.3560549391996526,0.8910170197486877,-1.940194299814523,9982.379999999997,2998.0925173154756,1.8726382098758936,0.9529008865356445,-9.212011212892959,0.9831291437149048,-1
149,5312.574220191307,-1.2879165201621965,68958.91794181544,9196.59107882068,2.7033488378204718,0.9984604120254517,0.2003508933746181,41915.34,8172.772835729802,2.3183477867611733,0.9389557838439941,-5.305470738165788,0.9632394909858704,-1
151,5183.112590074834,0.8388608541135292,42518.8,5970.612935328039,2.6512774162804855,0.9978942275047302,0.37552738394473506,38531.100000000006,8668.216056041567,2.172050256740022,0.9643200635910034,-6.699037558598057,0.9981483221054077,-1
159,5149.858529813174,-1.377905051413343,17688.67,1139.205656151874,3.4347017182217248,0.9972342252731323,2.4239478996009005,53662.44,4131.730229802406,3.25567887851627,0.9969664216041565,-7.610321371286619,0.9909687638282776,-1
173,5385.106563865155,7.079888882027503,21725.138024030544,4548.551973995792,2.245664855690744,0.9984654188156128,3.127243353688387,7664.93,2438.0974015363536,1.8122725742034036,0.9102139472961426,-5.190391430556667,0.8969082236289978,1
186,5155.793134082626,2.256533178556937,50991.91999999999,6732.156232624397,2.71353254120742,0.9960117340087891,-0.21182030971031396,112799.25000000001,16785.76756513728,2.592642786849607,0.5891644358634949,-9.150010433210932,0.9991335272789001,1
190,5126.244181134694,-0.4886728454204281,72825.89,12352.494672088078,2.4600893374887005,0.5541483759880066,-0.789317917783793,18877.4,3916.846598485751,2.2548848054115402,0.9972000122070312,-2.4782192715548557,0.9607082605361938,1
209,5051.65500295902,-1.8235581471202664,51920.7,2923.521103315377,3.569282412340284,0.9960959553718567,1.5958036472395993,249039.17999999996,6821.014032377745,4.290561671635292,0.2135264128446579,-7.355897549509423,0.9935184121131897,-1
211,5169.726077905971,-0.26798370178037856,256119.91000000003,7395.66612116768,4.237690226370405,0.21813471615314484,-1.091656572597594,185813.05000000002,7354.141597660605,3.9222327658443805,0.28119319677352905,-2.7372700581473177,0.8944188356399536,-1
218,5027.911825293815,-0.4031338273892964,89981.44,8665.040479885638,3.0311275784590093,0.8473467826843262,0.11480308769057768,14787.699999999999,1474.866431590045,2.995879357150168,0.9896167516708374,-0.4944002874306561,0.9914296865463257,1
253,5164.840677971804,1.918799736986403,35469.57,1670.9678130275443,3.747864041076901,0.996828019618988,0.8531359088339698,47963.649999999994,6354.678229508783,2.7099818061531105,0.09484833478927612,-8.297107913737094,0.9981691241264343,-1
256,5295.312230097274,-1.0592328750339148,35772.62,2868.483660591096,3.214935066681114,0.9898911714553833,5.6558849713928705,28152.39002288963,5358.629144203787,2.342887971318271,0.9993470311164856,-7.298157778705448,0.901999831199646,-1
258,5123.251027491668,2.900211800931385,19007.87,2706.44034039776,2.6372586779144886,0.9990386962890625,-0.010057053868053556,76440.28,9493.85968098849,2.77513283067021,0.9908811450004578,-5.477536981805292,0.9967418313026428,-1
267,5114.307387124421,1.5106515378349918,18360.88,2079.6514891091397,2.8679463679997914,0.9995222687721252,0.06435382309526272,81300.27,3674.351303807837,3.7894088824450995,0.8971199989318848,-8.943698286975367,0.9990485310554504,-1
282,5060.518622616546,5.578004355611675,75411.2,4170.241522617359,3.5873636309011516,0.9897336959838867,0.030868205205623056,13355.24,2135.5129200773285,2.5198949005622224,0.9991520047187805,-7.589343649954314,0.9993409514427185,1
293,5180.228983832638,2.811341443250462,71838.47,8576.71201056582,2.8149340591372805,0.9967836141586304,-1.636708425906594,62011.53999999999,4236.742281361344,3.375504016894561,0.9884946346282959,-7.830489715300992,0.9989762306213379,1
300,6473.293726423094,-1.9393026301798373,66506.23175706813,2467.0624285821623,3.9870705005237523,0.9803266525268555,-1.7263165492172305,72330.61999999998,6934.231132173141,3.035618899185243,0.007840339094400406,-2.740940367202551,0.5125358700752258,1
308,5169.2187642250165,5.40985685742411,16750.01,3923.7444428055874,2.130489744688791,0.9968819618225098,-0.7351449956518596,25791.16,3385.1669059638766,2.7194408358909823,0.9988632202148438,-2.7543920791433436,0.21277980506420135,1
317,5117.184101788972,-0.9699584011643285,32955.2,3047.0396536406856,3.0719816302439136,0.9990584254264832,-1.8939064168865007,9270.389999999998,1530.201806261752,2.487690858267191,0.9579747915267944,-6.280303799423037,0.9007582664489746,1
321,5151.681643770357,-1.3799244070536032,20756.01,1887.5983850842754,3.088603632793978,0.9990239143371582,7.136497554314113,48280.66,10968.292969615724,2.162010037430881,0.8246583938598633,-5.709761795645989,0.9648454189300537,1
340,5099.932051450432,5.4580264640355605,10101.25,1573.8002067353707,2.5461885452895143,0.8699288964271545,-0.6553067227149518,33512.01000000001,5005.482977892815,2.5888925173206796,0.9897547960281372,-8.426989269790905,0.9768726229667664,-1
377,4965.193704420894,-1.919728436607576,6585.459999999999,1411.5087810802734,2.2216640061161286,0.7435043454170227,-0.6103197775337579,65819.74,17141.516222847917,2.0211592213892513,0.8777649998664856,-8.464880457769631,0.9369417428970337,1
389,5212.475003182099,-0.8932054606146115,84392.37,5049.64710899228,3.5084095423620405,0.9014171957969666,0.1821129494163789,153339.10999999996,8021.499305822155,3.642988860774731,0.6019083261489868,-3.8673982520257226,0.996372401714325,-1
399,4870.188297893437,5.695649677660503,10745.72487138028,1693.8978025935635,2.5343520403927364,0.9798257350921631,1.2124686753165805,172080.38,15861.556706332072,3.0750796393559945,0.6927546262741089,-6.551854236682348,0.9991138577461243,-1
409,5147.52433531874,5.667749121028043,21104.360000000004,3250.893002481519,2.557711618577906,0.9993169903755188,-0.22509718385250277,31833.03,1411.7355146510733,3.8083397492758446,0.9888399839401245,-4.166855406496506,0.9974521398544312,1
419,5173.8291795046325,-0.9081201065808742,17697.090000000004,4112.656817940583,2.1386947357285915,0.9987035989761353,-0.10235688070887261,12919.02,1970.8430723811562,2.5675168243179396,0.9815840125083923,-7.737727744922615,0.5669555068016052,1
5,5173.171272189586,5.456544565400548,21717.33,4564.06526270225,2.2418149424068012,0.9963966608047485,0.8733853929959798,15867.710000000001,1965.4603216844025,2.7778490109137417,0.9285675287246704,-6.553298216342503,0.20985443890094757,-1
17,5116.991985212635,0.958773882391317,76596.23,14409.658594233444,2.3548287891756248,0.4600474536418915,-1.1463921008437175,18288.77,4100.517300369599,2.1755100158165437,0.9987557530403137,-6.848251369525034,0.8791727423667908,-1
26,5195.306786562699,-1.7046257240820384,25771.85,5227.766380210406,2.277996605100034,0.9983799457550049,-1.3154006007771328,13790.1,1334.496874836042,3.0261943013810537,0.9977250695228577,-6.500364946847297,0.9359396696090698,-1
30,5128.987335975588,-1.3220766001213504,137506.69,13398.348342496609,3.0193062835091546,0.5102891325950623,0.029821453828792865,48079.44000000001,7326.845290329806,2.5685998529151823,0.06510298699140549,-2.540161480952153,0.9975754022598267,-1
34,5041.274325555047,-0.7874789244372435,83199.41,7311.092313817005,3.1230586584645437,0.9723601341247559,-1.7779596844100176,15639.969999999998,516.5629949240409,4.103262200141693,0.7286262512207031,-4.021951429272299,0.9990326166152954,-1
37,5138.450935087949,-1.1581961820773004,45148.37999999999,12076.073506700035,1.9934898638374363,0.9664410948753357,0.7663116523162028,39935.27999999999,9452.306291732839,2.119839203490608,0.9964950680732727,-8.72680252398143,0.9970143437385559,-1
43,5139.1832695633375,1.2372999380566494,11960.08,2662.9745371193208,2.1826470625354695,0.9982001781463623,-0.46531242295339026,38784.01,7908.647714665775,2.2726371274670347,0.9848724603652954,-11.087635222944343,0.9368108510971069,1
48,5151.411533794049,-1.065785475553854,17341.27,2629.9918855342876,2.5734551338583165,0.9922116994857788,-0.7782455816589748,32446.52,9142.217479873429,1.9393714698402682,0.9740439653396606,-3.057206127476079,0.23310257494449615,1
80,5024.896002740452,-0.5124922798349405,8410.86,1778.055165523859,2.2357862371498447,0.9693863391876221,2.595194886880001,58213.2,10449.193601138659,2.40258045698028,0.9066212177276611,-6.765387453329825,0.9292978048324585,-1
85,4994.499917139077,-1.6261723476108922,21640.870000000003,2232.6102065879372,2.961887931164974,0.9994384050369263,0.3105454842680625,176221.73,7782.726755893648,3.8124954720942097,0.20411796867847443,-8.196842332080369,0.9984092712402344,-1
92,5250.7092380740505,-0.7772049500605565,26898.56,7248.725035013026,1.9857235865322846,0.9965842962265015,1.0878446276109868,32135.191860931016,6610.632390344035,2.2636681829235967,0.9974228739738464,-0.3157328055444857,0.9910256862640381,-1
107,5169.04928482716,0.12809904521191529,173653.86,12645.228710738724,3.311602940702116,0.545586347579956,1.5849208297332957,108050.71,6993.631684534992,3.4296988634348122,0.6960344314575195,-7.679280938559103,0.9982592463493347,1
132,5146.6158767911,1.9866640068374668,23724.04,1670.0026619879009,3.3455697437634373,0.9982026219367981,0.7312220678265635,79069.41,12881.988814864837,2.5009403621927415,0.4029591977596283,-8.16353900114799,0.9526105523109436,-1
134,5031.246992681707,2.4927603761257364,116833.07,6323.668562871768,3.608860632835685,0.4256747364997864,-0.777420392759943,24770.37,2639.003744334467,2.9295441048868662,0.9900088906288147,-1.7984015990561792,0.8430769443511963,-1
150,5182.0876530456,0.8331484856219551,285084.03,6623.659315398476,4.455148192862431,0.2010618895292282,0.08103237102555472,129246.49,4356.3480141425825,4.08295030174416,0.3608350455760956,-2.418075750836145,0.25607964396476746,-1
164,5122.74279927941,2.6651898767055204,10986.57,2852.3314274603727,2.024390874763496,0.9993324279785156,1.063725770367359,39882.54,7492.7895374303,2.356201596851994,0.8437647819519043,-5.937339487841278,0.9781158566474915,-1
174,5141.331705918358,1.2672540003879438,71089.37,9569.42210966219,2.6939510442461927,0.317344069480896,-1.7233023480956247,21479.379999999997,2258.5673783508787,2.9427341885703258,0.997810423374176,-8.635983612087118,0.7739958763122559,-1
196,5456.611772238895,-1.7449833584013825,43016.98817871495,4200.260100570629,3.017203788404697,0.9983683824539185,2.1329607438368736,61172.350000000006,8481.502247826782,2.6641139591203182,0.9280189275741577,-7.350219131055719,0.9185968041419983,-1
234,4765.096923549678,-1.6832133449914468,116538.79999999999,15459.573587369025,2.708714259895188,0.4703676998615265,-0.28800743675180596,8757.9,1569.7397343607752,2.4040635026874413,0.9590477347373962,-7.251119396702428,0.5170088410377502,1
245,5040.35573674385,1.724474358989757,20341.0,2351.6067812761794,2.847328658443243,0.9468693733215332,0.8753585131740853,139358.33,6138.758355505577,3.815087752985108,0.44003066420555115,-7.993267096088917,0.9789931178092957,1
262,5149.615555141294,3.342896805589259,130863.37,8619.877094732165,3.412143696065761,0.7405072450637817,-1.8011299065734228,204954.63000000003,17997.8303716565,3.123751190953116,0.41101810336112976,-6.740923723655174,0.9982854127883911,1
267,5125.215783590142,0.36181725764022543,128246.88000000002,3871.2383476119103,4.1933020205703855,0.1497885286808014,0.5678788813298148,39933.479999999996,1786.5699023517616,3.799563961884907,0.9964650869369507,-5.547378645942283,0.9417048692703247,1
272,5052.767708907639,3.1066131153005205,67182.72,8015.944132119645,2.815552474478608,0.41213247179985046,2.4939766306917144,23381.420000000002,4063.656466776298,2.435367210304029,0.9832441806793213,-1.3639420714654718,0.97648686170578,1
288,5131.907059368028,0.46429552461905477,11941.500000000002,1686.9595196007976,2.6452121357434915,0.9955273866653442,4.102243197598792,31043.810000000005,5490.331638796561,2.417644957381281,0.9961427450180054,-7.33456975271286,0.8928701281547546,1
321,5140.57397310147,-0.03519746857931483,57109.15,5332.438323459224,3.0621161460565216,0.8064841628074646,-0.26209124287998087,28818.390000000003,2850.099946335537,3.0043525893338887,0.9987691044807434,-6.428496110726422,0.9990221858024597,1
326,5079.902766670362,0.6061879888996797,23142.019999999997,3677.1162221504524,2.5262959883422833,0.9727126955986023,-0.7985551680171097,5369.489999999999,1165.4103293700994,2.2088162925924344,0.1857435405254364,-7.650379032908342,0.8799737691879272,1
377,5150.511460856159,0.2800357004398709,46620.15000000001,2233.229693724744,3.7311570400731946,0.9965656995773315,-1.6436799851716501,148885.74000000002,9801.715350542445,3.41268365268036,0.6361656188964844,-1.1149376857874924,0.9903968572616577,1
381,5149.583065332885,-1.973827521823155,27574.059999999998,2142.032803152865,3.2467552864953197,0.9983672499656677,-1.947800133311337,26648.039999999997,5897.903464456422,2.1887882591295393,0.9977197647094727,-7.608005812709914,0.9993595480918884,1
401,5180.433095062028,0.1664891971313569,93488.40999999999,9852.954495739394,2.9404247724896546,0.24345330893993378,-1.1143131442400316,89268.66,6645.270239079926,3.2895040330753043,0.6307658553123474,-4.910155012938274,0.9803746938705444,-1
36,5174.110117182124,-1.4402487551897778,31935.33,1049.1358099680967,4.1086233929870595,0.9965049028396606,7.156646024646083,62072.02000000002,4466.418765040311,3.3235586716245926,0.8204046487808228,-1.178666204242554,0.6356860399246216,-1
59,5492.766963835467,0.3221034169413164,17398.388098737887,1491.3952195968727,3.1479705982156316,0.9662680625915527,-1.7145682230254042,18287.8,3189.1393833750367,2.43193942807517,0.979768693447113,-7.245504054903425,0.8909405469894409,-1
108,5168.713502536781,-1.5131150466380894,23344.96,1469.5820695633852,3.457558067803049,0.9990076422691345,2.9542092566348703,29172.57,3905.195918160566,2.6995577208718697,0.9981666207313538,-6.022058301096385,0.9243013262748718,-1
128,5111.632059530667,3.2565280211586627,40410.759999999995,5211.557093008943,2.7371804477071566,0.9537835717201233,0.06731271681311601,10405.899999999998,1671.136968920943,2.5155049511374687,0.9934939742088318,-8.893811008227708,0.5373537540435791,-1
133,5133.999315950952,1.9910653732762258,33264.71,4189.6500143982985,2.7610374785359335,0.9777927398681641,-0.8941726092753961,111164.33,11456.694004358444,2.9629165232991266,0.7452812194824219,-6.9421010450572425,0.9985505938529968,1
150,5132.162615529249,2.1085261835081166,53824.17,4320.325146739645,3.213924519788448,0.9983320236206055,-1.7105949153938873,117074.15999999999,5184.279286685847,3.8098333433646765,0.30466973781585693,-7.279603175025753,0.8274664878845215,1
157,4919.654363565459,-1.873925307360743,5232.46,682.4118686652587,2.725870945055725,0.7690129280090332,-0.818859793732661,55426.44000000001,7041.586784397515,2.7523106997381506,0.7999165058135986,-7.36734042248725,0.996232807636261,1
161,5149.0780260076435,-1.5122328773734894,19278.069999999996,4552.74553966791,2.1221407888860204,0.999467670917511,0.4168594329468256,40396.63999999999,3989.505233191414,3.0057793030497564,0.9981281757354736,-5.594508090414458,0.9692152142524719,1
179,5190.267221796611,0.4009397056404511,15119.560000000001,3588.0967624520295,2.1171279343358056,0.9903478026390076,2.8171632032117877,36385.68,6946.556476292239,2.339837182876897,0.2325126826763153,-0.23848520142979623,0.9017994403839111,1
188,5182.717483531348,-0.6459809525319695,26588.280000000002,1818.6587930395367,3.374346671404726,0.9968515634536743,3.4052629513964208,22697.6,4988.165107151037,2.196039206488391,0.9985496997833252,-7.688629790628091,0.9668825268745422,-1
189,5103.71603010917,-0.9328958278405972,13887.83,1179.782525402362,3.157020914083488,0.988193154335022,-1.2154153271931807,37264.58,9522.537162627637,2.0407892346933196,0.8125919699668884,-7.486808067696485,0.9973714351654053,-1
208,5125.779757613092,4.224152739978356,37560.05,6331.221837676053,2.466414679207059,0.7330780625343323,-0.18904154380755478,34015.23999999999,9393.548524329943,1.9602974586956168,0.9636623859405518,-5.088369674495057,0.9988078474998474,1
223,5143.863565550569,-1.7981545832876087,46081.63,5319.428951689482,2.8488475364076455,0.9980676770210266,-0.6456681626612362,17967.03,1062.1223873317988,3.5205416385048824,0.9995741248130798,-9.618544915110366,0.9990417957305908,1
231,5131.256522974266,-1.3192855814261422,21032.130000000005,3068.2095725460836,2.6127408989030414,0.998852550983429,1.2066300176330609,9004.920000000002,1324.8779292788165,2.6041418046065514,0.9020432829856873,-5.408085366346278,0.9926450848579407,-1
232,5143.826495279633,4.800859843437564,11401.09,2655.7121103801574,2.1362940129415784,0.9961369037628174,0.7415791296705916,20303.97,5247.910164497517,2.028997712740458,0.9782608151435852,-2.6099927449577063,0.9127088785171509,-1
250,5176.3286377973545,-1.541550400334935,138803.97,13866.559013602377,2.9942253078557997,0.3712831437587738,-1.4765623176228029,62614.700000000004,4445.689834014179,3.33694953990687,0.9769956469535828,-7.404488622033464,0.9913119673728943,-1
257,5142.7285986751685,6.023462822311466,34155.41000000001,6339.25755738553,2.3685812141535436,0.9908140301704407,0.01371525159689524,25699.04,4759.3101313430525,2.3708114529589936,0.9996417760848999,-7.415175890500091,0.9983232021331787,-1
268,5156.065052363799,4.000540154811462,29606.280000000006,1415.0208367248854,3.733417853766469,0.9943934082984924,-1.479177895752817,63587.439999999995,3995.28675940769,3.4594593809486724,0.9663097858428955,-3.020048379169865,0.9738951921463013,-1
279,5418.30279218823,0.7626195654677179,31166.9191853799,1030.9600913610416,4.101740272904418,0.9925972819328308,2.02775801050121,129562.07999999997,5039.144917501032,3.939692526486905,0.3273741602897644,-7.790098465914262,0.9987558126449585,1
315,5217.234049411889,6.021507459360577,73440.31,4672.228045906014,3.446970696386347,0.9706735610961914,0.9333872053534855,17174.537000071272,1769.0551983291557,2.9634663429985295,0.9390569925308228,-8.198864009108656,0.9977214932441711,1
328,5163.164009428778,-0.8581336585307815,69073.98000000001,2745.0819552329795,3.918119279459897,0.9912973642349243,4.6408261186971185,60050.71,4684.8500751083475,3.2424775726426773,0.9801989793777466,-7.568037134084858,0.9987471699714661,-1
331,5157.894698770255,0.44819418121641896,102954.55999999998,6485.243311397799,3.4569121144409154,0.559601366519928,0.3667698491570439,98328.92,2481.62560452354,4.372392257482155,0.2252870351076126,-1.2160136642070989,0.9782442450523376,-1
352,5159.933012525952,2.4073703583525026,29216.74,4245.975891409029,2.616595042133811,0.9982199668884277,2.61356507769258,49701.98,6549.023042619872,2.7155069717484452,0.638722836971283,-5.890648503813787,0.571415901184082,-1
374,5174.860268518906,5.3602500868465,21254.46,6275.977159357677,1.8904381352107293,0.9979780912399292,-1.4165719159723544,15787.850000000002,2542.988249712827,2.512497855886472,0.9987754821777344,-5.2453843733174015,0.9390987157821655,1
389,5175.061850143261,1.2275416339195493,30189.77,3325.171758102185,2.896082252149835,0.9989336729049683,-1.0730368409538382,28503.070000000003,4492.47442320105,2.534486147445115,0.9992183446884155,-7.778218263846447,0.8806354999542236,-1
403,5183.8605239230765,3.4822388724947757,21318.23,4646.757744505964,2.204444798872595,0.998626708984375,-0.6006013760025835,20912.2,1717.2679043803205,3.1910551806837986,0.9991152286529541,-6.017341531780586,0.8793396949768066,-1
6,5146.947844334998,-0.29116914315321907,88213.72,6010.27478671676,3.3782766624211638,0.5065639019012451,0.802147375542567,231801.09,10703.170171903654,3.767953403559128,0.19904658198356628,-6.784445442163981,0.9964310526847839,1
15,5138.685574494552,4.361855100067041,48922.049999999996,6303.329800631584,2.7381210680214636,0.29832619428634644,1.158642475233367,17355.870000000003,2227.1486553916525,2.742213499199665,0.9987373352050781,-7.0044813714089305,0.9259849190711975,1
16,5094.5038239003,1.2883977597240923,15521.76,2367.9854939291913,2.5674804808099676,0.9991829991340637,-0.21692420911426002,67625.22,10554.020903408134,2.544475697439342,0.9884122014045715,-6.68960633098032,0.9985460042953491,1
20,5392.378746179354,0.52406175555821,43342.64,12605.007691511319,1.9063415072551304,0.990458071231842,0.5792821829688721,21142.301417781808,3787.689093927196,2.40454471763435,0.9989542961120605,-0.23441714210803966,0.9992848038673401,1
63,5104.671389355558,3.119162846467873,49800.19,7528.4876368260175,2.5767088229184485,0.9942315816879272,1.386572732097917,14977.86,3965.5004980452745,2.0040846335683677,0.9985899925231934,-7.010699812429355,0.9988827109336853,1
67,5000.734398240681,-0.19954925367133036,13668.21,3473.301842383093,2.0465649723119124,0.9964427351951599,-1.0115635519042763,106007.23,18382.266573383436,2.437664450543763,0.39543798565864563,-3.4514320939739007,0.9597668647766113,1
93,4780.253439574488,1.8823702920077885,22642.910000000003,1814.2830348101368,3.2156946745409236,0.9986488819122314,-0.30002512285367855,283781.0,9038.943975901822,4.139553912425916,0.347962886095047,-5.3201576729047755,0.25362443923950195,1
109,5097.160746025394,-1.4172435219331048,35113.40000000001,1802.7757748468462,3.661742789731609,0.9971365332603455,8.062307748387552,86630.27,8135.631692634457,3.0563308849304383,0.9707431793212891,-6.211418467845327,0.9987698793411255,1
110,4929.735656553754,0.7274714410732979,9341.75,1009.376951582247,2.915375953127497,0.5307551622390747,-0.4798419075991527,78479.23,7996.123054512851,2.9744189047574636,0.9369680285453796,-1.2702696927961357,0.997872531414032,1
129,5142.341512365858,-1.7728437854579466,52760.06,11139.736154311646,2.237047047162914,0.6204518675804138,0.017540978264767304,43418.01,7910.975360545931,2.3873654974334104,0.4402461349964142,-2.60682051698476,0.9924653172492981,1
145,5172.570253291872,1.8939067233484344,32693.439999999995,6637.512366047296,2.277116792118179,0.9941684007644653,-1.9872186956438314,15752.109999999999,5432.811667157364,1.7265050231759125,0.8625208139419556,-3.6419716882740403,0.8553416132926941,-1
146,5099.053201221315,1.243274549819953,20197.15,3174.9080280366247,2.5371743446685904,0.9985640048980713,-1.4298225937707043,74723.65,6161.778434522024,3.186874078894679,0.9945710897445679,-8.173452338633581,0.9995060563087463,-1
149,5068.468704594963,0.6559612603278753,89643.94,11529.22899866285,2.73994621040585,0.5603728890419006,-0.31312178839020954,26193.91,4981.771784481066,2.3437204432333543,0.9973852634429932,-1.0580339263247511,0.9185366034507751,1
162,5159.991402553818,-1.0633483484157669,34656.83,5750.476957823399,2.482404154263816,0.9879248738288879,-1.8812978576319748,49188.91000000001,3515.9607086148685,3.3302228110571854,0.981426477432251,-4.0083116586426835,0.9935435056686401,1
170,5155.359561723811,4.372448816016348,51127.46000000001,5209.7066740812015,2.9743394705170636,0.9984590411186218,-0.38896776684161694,19964.78,4678.917636027181,2.130027342698496,0.999538242816925,-3.819427085814411,0.9402556419372559,-1
173,5143.388544631491,-0.8259874027015561,144228.57999999996,13193.563995667488,3.0827188530793608,0.7165055274963379,4.058154399678495,46683.880000000005,5756.563840514892,2.782382197097337,0.9946581721305847,-7.66807502990447,0.9989414811134338,-1
232,5171.34653512258,-1.8808015240990552,39872.51999999999,7904.0851594546975,2.30148262501422,0.8510785102844238,2.6795765675404954,20596.74,2835.341638422351,2.671345978406355,0.9975229501724243,-6.13412675732312,0.9110024571418762,1
249,5177.249390937835,-1.10723536417951,111679.52,3841.5260972517144,4.062614879836175,0.5557669401168823,-1.8582636682827687,130228.73,2995.9001687506466,4.465062470194399,0.26942336559295654,-7.143724256712652,0.9982614517211914,-1
274,5109.784195395702,0.34825068760742095,16233.589999999997,2114.358882291724,2.7272098590974054,0.976901113986969,-0.0654332536026887,69558.23000000001,8880.972810644596,2.747299839779518,0.9959262609481812,-0.8281480376813608,0.9421446323394775,-1
310,5200.894948377729,-1.715983416974252,24861.71,3079.684407238309,2.7777905546541937,0.9192034602165222,3.4031581334788945,114092.3779616287,10311.600365763128,3.0948377304921713,0.8407626152038574,-5.282356152784119,0.9979400634765625,-1
319,5139.60324625653,-1.700798755393974,125942.63,4301.125517940432,4.069805221276192,0.22036901116371155,-0.1975094201496035,316675.75,17399.24685049176,3.593843088987853,0.5136682391166687,-5.6582890364064236,0.8315969705581665,-1
327,5201.391007142927,-0.09780522702839956,8003.49,1777.6348253667018,2.1851736008389433,0.9223338961601257,0.7873747640117124,58360.65856238305,6703.82679842176,2.8537955001771276,0.885168194770813,-4.196180974202752,0.9387905597686768,1
351,5178.891179073892,2.3106820322467496,21136.16,2995.597944191983,2.6419286369203956,0.9987121820449829,-1.4898345819213465,32644.420000000002,3959.843382285501,2.798917616039913,0.9873590469360352,-7.894973314555935,0.9702854156494141,1
373,5063.534253791552,-0.00820226741095531,24160.610000000004,788.3357867001276,4.115435687562446,0.8977052569389343,-0.20073905160379368,186227.20000000004,15309.276928188503,3.189961817299696,0.3402280807495117,-8.893624030430159,0.9993351697921753,1
374,5126.17044935957,0.6847841011979272,22306.26,5148.193461214906,2.1457778216959764,0.9988117218017578,4.102010749007579,76030.57000000002,10862.141748402613,2.6338570288144227,0.8659822940826416,-7.201186180529407,0.6091309189796448,1
381,5146.22226972218,-1.7750769959717343,29396.45,3795.2521770458957,2.736076873337416,0.9987489581108093,-1.410655703049681,44054.8,6768.338864531741,2.560371985045369,0.11023831367492676,-3.338020053849714,0.9839998483657837,1
385,5176.941936574054,-0.9050669887969602,131027.47000000002,15370.374072720118,2.8326541880667317,0.3528502881526947,-1.4921445182100077,57390.82,3847.3217008196157,3.39452890097024,0.971950113773346,-6.747245528649227,0.9979223608970642,1
397,5124.135238337588,-1.1367445932300826,60111.41000000001,12529.69424195669,2.2502021848494604,0.854546844959259,0.9955866770121871,21950.71,2231.589194535225,2.9766387441510904,0.9989210367202759,-7.891064618236082,0.9528635740280151,-1
398,5080.24035439712,-0.77468943097707,46905.55999999999,6754.267882456378,2.6258842405557457,0.9903609156608582,-0.052753036276688814,8976.01,592.109528022381,3.4106766404498803,0.9478483200073242,-7.448302775711152,0.9872233271598816,-1
402,5196.014397753362,2.354809653818233,29638.239999999998,2270.6368408273142,3.260681681747704,0.9968715310096741,1.7656811006058288,58059.23,8887.217325721842,2.5640870120588843,0.9692535400390625,-6.464295341741358,0.9936555624008179,-1
404,5164.406140317521,-0.43975398194671333,35116.74999999999,2096.632616155019,3.51060050920697,0.998252809047699,1.5537548145466695,24704.39,4599.996927890468,2.365289830234264,0.9982033371925354,-7.924858326303891,0.9151666760444641,-1
22,5134.516787603982,1.3369628396537347,50318.25,8944.041897015446,2.4125334341530715,0.8366199135780334,-1.0747721873726674,24579.63,4059.509270626214,2.4871130584819263,0.7298720479011536,-2.005493376793771,0.9896131157875061,1
44,5145.46475454975,-0.1657255348302067,97322.18000000001,9252.981637729814,3.0439607099443675,0.7192795872688293,4.484388830310042,98118.24,6093.521627708322,3.471128663987412,0.8664492964744568,-5.897095652981864,0.8983461260795593,-1
73,4997.518735036516,1.4069184131735413,5498.52,517.5855568064464,3.053983990217194,0.7170456051826477,1.678782809413784,40123.30000000001,9323.89035381129,2.138742317873325,0.9943128228187561,-7.680697319492372,0.9980288743972778,1
94,5156.5868816648435,-0.8817301081986721,59087.76000000001,4176.903944678629,3.3413490772542973,0.7487695813179016,0.44472829478104003,30965.64,4995.940583909842,2.510827724183544,0.993634819984436,-8.784453700023326,0.9470055103302002,-1
127,5168.506124368651,-1.5678087762129502,55471.600000000006,7540.729061808192,2.6840473193133145,0.9974755644798279,-1.5920554664389495,38541.8,4580.508663085178,2.8195305963254707,0.9944435358047485,-4.678487527063974,0.9996728301048279,1
142,5165.000536751696,1.5236154173017527,43149.69000000001,5709.5964381271415,2.711267855715958,0.5443544983863831,2.6120547700953813,15143.01,2227.654748862284,2.604282253959825,0.9989015460014343,-5.5766372688810275,0.8486767411231995,1
158,5135.008476935218,-1.1020697449091368,25513.27,7209.097541854541,1.9364160889646944,0.9991225004196167,2.561553610539051,13720.21,1849.9472728269996,2.6922836340185925,0.9976980090141296,-10.001004927609884,0.9074769020080566,-1
166,5151.769388126179,4.111699711125411,60553.71000000001,7161.570045278379,2.8244333640010266,0.9974569082260132,-1.167342849771394,38002.34,5095.032420530002,2.6980044953159843,0.986739456653595,-6.268763225548346,0.9884940385818481,-1
239,5271.142218069932,-1.1794316501814783,119458.7,9279.546494989083,3.246793240055947,0.8371893763542175,-1.4550920346374472,51380.56826989023,5060.18073903213,3.008571372522274,0.9988529682159424,-8.035472483186215,0.9990214705467224,1
241,5148.516534331872,-0.69747645872053,21879.740000000005,2554.2026755520965,2.83754366536415,0.9979357719421387,-1.3271167366988372,34920.19,7291.765412649398,2.24838334074124,0.9970966577529907,-6.357512786211256,0.9332951903343201,1
245,5092.8432676210905,4.903742400920789,21958.570000000003,3513.4700540482704,2.519237812193481,0.999022364616394,0.48353994569566106,111584.51,8905.63178360372,3.219649308223362,0.7985012531280518,-3.838817965486463,0.999422013759613,1
246,5059.157751821441,4.667563280898705,53193.97000000001,7153.955507693904,2.6948740599518493,0.05577816814184189,-0.033958275054632114,8990.64,2121.8612792017316,2.122812431200456,0.9411410093307495,-5.980140174198864,0.5972689986228943,1
249,5049.54733684867,-1.168790777151405,144548.06,8821.70063413818,3.48861210663337,0.15982100367546082,-1.1385034055222252,26533.29,1878.376726935049,3.3398841099587195,0.9992388486862183,-7.080834852038097,0.9970340132713318,1
259,5011.652148746986,1.3681928708979507,15871.970000000001,1702.2477100439949,2.922864228210132,0.6998932361602783,-1.107654650901214,147187.54999999996,10788.800450719446,3.3050002784631403,0.4277493953704834,-1.381283071449555,0.9564205408096313,1
262,5154.521298349612,3.8374136939141894,34278.77,3964.524687056218,2.8469264796364633,0.9963406324386597,-1.9947806064493374,92242.62999999999,6972.079274312188,3.27422476084521,0.7474218010902405,-5.583593050065209,0.9404362440109253,1
263,5180.034176517291,1.3637021124162838,49609.52,6022.284174371795,2.798158676944046,0.9562575817108154,1.4624745466884042,32034.509999999995,6399.065000796969,2.2936808373958892,0.9964433312416077,-5.783025848722543,0.9823185801506042,1
274,5149.779669421024,-0.8862701536793245,9354.5,410.8057619245898,3.8181569787620178,0.9062343239784241,3.2415371240875097,24300.82,5733.351616115989,2.1231411540896694,0.9984389543533325,-4.822002955137419,0.9328681826591492,-1
297,5169.2364421804505,0.04054155964009154,26403.25,6744.853732234652,2.041125752684044,0.9988284111022949,3.6069972181598304,27187.269999999997,7242.40752010573,1.997709852466539,0.9967108964920044,-2.8301220009793258,0.8907592296600342,-1
317,5168.801819685532,-1.3125585896247793,58356.98000000001,8567.358950536607,2.6063343076690497,0.8198260068893433,1.320822411956003,35150.48000000001,7168.312742676183,2.2725520688449494,0.935939371585846,-5.301144092530742,0.999061644077301,-1
341,5168.994178900773,2.478302974981342,14032.889999999998,3121.6232875864494,2.18359074619675,0.998747706413269,0.3948172664441647,13566.49,3099.1290650508226,2.156319657263285,0.9978745579719543,-7.531188771179192,0.9992154240608215,-1
344,5148.907864494095,-0.36668224038061004,25735.710000000003,4523.595054634388,2.4239047299288874,0.9992730617523193,0.43506059121303897,20204.9,3058.5455612288774,2.575354264627485,0.9972405433654785,-9.285671222578102,0.9993383884429932,-1
360,5486.199102040737,-1.6721215354505279,55116.43446051691,3431.53038819234,3.4686183013864973,0.9526573419570923,3.951034673678487,30929.359999999997,4360.810353803052,2.6471879851543507,0.6114047765731812,-7.23320871668809,0.9700087904930115,-1
378,5163.566774717503,-0.8947735073401923,38037.8,6693.537629540301,2.42275216140027,0.8288483619689941,0.3700019345756269,38988.26000000001,8953.705166495381,2.150886713579547,0.9460390210151672,-9.25972203361044,0.9872500896453857,-1
394,5172.409250202836,-0.9464805254685453,63274.31999999999,2076.2729313093246,4.109783018072006,0.8921734094619751,-1.6975262887964813,180870.36000000002,12222.31904975628,3.3865204456015596,0.5409130454063416,-8.59817641333513,0.9989097118377686,-1
396,5111.430089597295,-0.9639310426836234,90606.67,5699.797023101185,3.458253651820735,0.6630197167396545,-1.4132378731532236,31344.729999999992,4330.635267702059,2.6676724092893185,0.9987754225730896,-5.379264704467308,0.9951785802841187,-1
411,5131.071879929609,-1.9646674045592998,9089.26,1435.4036910524567,2.5325004943681915,0.886996865272522,4.4859925621649435,17531.13,4035.8645565687,2.148384132817689,0.9987349510192871,-4.694177889487952,0.9201730489730835,-1
2,4906.425276524809,-0.0769421672210655,79511.26,6315.533533945065,3.224452585334474,0.28943443298339844,-1.171310432011465,8809.12,1741.088063723608,2.3045122451061495,0.9053371548652649,-5.387607789006542,0.9855536222457886,1
25,5194.324050595433,3.573582328125476,36063.48,6108.5511803319405,2.4614871771141544,0.9889304637908936,-0.13847655952108395,34540.30999999999,3035.038963680049,3.1231140916045836,0.995790958404541,-6.155242650217063,0.9964424967765808,-1
33,5031.491622185824,0.6229275836783161,6655.200000000001,1132.5657647182622,2.4567400179020473,0.8973458409309387,-1.6095468040155447,33229.74,4455.474585935602,2.6979338243127735,0.8410384654998779,-9.590184407024687,0.9883019924163818,1
37,5154.357696263814,-0.24219501707413738,30133.029999999995,6048.092157069095,2.2887991364571936,0.7193869948387146,-0.42262048899887206,57316.90999999999,8129.341706234183,2.641195516704494,0.5533306002616882,-7.537904134265304,0.9923303127288818,1
48,5125.651409693583,-0.6039878298854426,6396.34,819.0406725370632,2.7443701376688567,0.44472789764404297,2.556921862802549,19050.89,5074.828787980629,1.9977366861874064,0.9871367812156677,-1.0205337008349478,0.5353978872299194,1
112,5067.58462099504,-1.5497672603205976,94376.53,9087.866264704808,3.0311732316698423,0.9800333380699158,-0.0037400316464452077,22878.63,2472.2453013575937,2.9152916399801483,0.9982835054397583,-8.845498086445101,0.9991983771324158,1
130,5188.213801610847,-0.11839030813621454,65737.89,5539.789231233186,3.1650860553172215,0.994123637676239,-0.8297310822320121,40261.840000000004,6865.442383313459,2.4547010030027225,0.9886654615402222,-9.389112355877092,0.9935833811759949,1
156,5086.285317110985,6.961730703887088,12213.330000000002,1280.9525855612237,2.9453097031177218,0.999388575553894,-1.1577476927689112,60427.259999999995,9638.183455187878,2.522433197601463,0.9742695093154907,-5.3494061692837995,0.9994170665740967,1
165,5187.454817318409,0.8056587743051781,127239.78000000003,8927.16496531555,3.348888756720759,0.5811294913291931,-1.2374250759766734,122117.59000000001,4627.456357971722,3.965765107366459,0.31513771414756775,-7.899383221200641,0.9979539513587952,1
192,5130.557230654084,-0.16294203272855956,13478.61,3618.243521404484,1.9897397132698231,0.9970699548721313,1.0207351844799706,55539.49,9019.100456552444,2.5042380206254964,0.6422982811927795,-6.716483751058896,0.4071851372718811,-1
237,5118.613459621994,3.57829737298323,72582.32999999999,10326.931803408892,2.6380137885471493,0.8913998603820801,1.515550555707393,32245.900000000005,6406.678568883272,2.2991791072119874,0.9882948994636536,-2.6142309324509787,0.9989093542098999,1
247,4929.873972053936,1.3068072810435436,57223.770000000004,8957.280921501288,2.5414673082872636,0.02212066575884819,-0.45197483490217083,29072.17,7338.479960166174,2.0534728060951184,0.9987349510192871,-6.846738596271015,0.9982527494430542,1
283,5138.344187545041,1.0669872621055374,33117.95,4944.542644822747,2.589318275549212,0.9903180003166199,1.984135893327696,9040.04,1605.6879569582352,2.4132763225817158,0.9455212950706482,-8.873584539198479,0.9553493857383728,-1
293,5208.067378304305,-1.6456463595388022,57958.76,2148.8439107730173,3.987605098619793,0.7229112386703491,-0.9050997939042803,49757.94999999999,5513.751438833971,2.8899881690149596,0.9973304271697998,-0.27659652668477586,0.9395558834075928,1
297,5175.394117996082,-1.0878375384964825,28293.250000000004,3906.145712842177,2.6684197886829977,0.9994158148765564,2.3137546945368888,43291.09,11166.814536687149,2.0310823517515533,0.7970205545425415,-7.791680189062955,0.9795493483543396,1
313,5166.98820540185,-1.9804360271484485,22268.59,1600.960555104538,3.3244258795391914,0.996167004108429,-0.3435970382019202,26121.57,5047.6196248515,2.327523318129239,0.9984311461448669,-4.131360670572347,0.34384065866470337,1
318,5087.00403376358,-1.6064317567333308,11055.000000000002,1956.383814579015,2.4170091957937405,0.9963212609291077,0.5921408351519726,43970.920000000006,6336.576834304157,2.6251042862648752,0.9993847608566284,-8.044166657287906,0.9977996349334717,1
328,5148.362661491164,-1.319322129898501,62011.32,5890.519576145154,3.044856426671885,0.9803946614265442,-1.2071331565687689,26208.9,4218.1069043162925,2.5133204177887793,0.9989630579948425,-2.1311452463174927,0.9924883246421814,1
353,5186.166333741875,-0.036159580433771765,30588.710000000003,5159.5737461822555,2.465734208930073,0.9976961016654968,5.935738914264802,47295.74999999999,11601.875095630883,2.0830059936646537,0.967681348323822,-8.051651432041448,0.9221092462539673,-1
376,5160.807094151528,0.8655056782158037,29998.960000000003,5902.362164796721,2.3091358057487272,0.9981605410575867,-1.906575298557962,46938.67999999999,5066.651536181186,2.9163834216288325,0.9971802830696106,-4.734979447840497,0.9990289807319641,-1
379,4825.71264855161,-1.1552605987404938,187339.24999999997,10607.771091540706,3.563678954902012,0.20357516407966614,1.3739680339399363,15747.200000000003,1124.9383255537082,3.3308032673476795,0.9989705681800842,-7.614932790210215,0.5970153212547302,-1
394,5155.643458736023,0.8065133663932991,18759.050000000003,3295.4812793815536,2.424465052683856,0.9987782835960388,-0.8079650172642783,13651.12,2075.1141202334384,2.5711250895247897,0.9865725636482239,-4.962554236725438,0.6168851256370544,1
